<?xml version="1.0" encoding="utf-8"?>
<kart name              = "Crumbelina DiCaramello"
      version           = "3"
      model-file        = "crumbelina dicaramello.spm"
      icon-file         = "SR_AvatarRace_Crumbelina.png"
      minimap-icon-file = "SR_AvatarRace_Crumbelina.png"
      shadow-file       = "genericshadow.png"
      type              = "crumbelina"
      groups            = "standard"
      rgb               = "1.00 1.00 1.00" >
  <sounds engine = "large">
      <skid name="default"/>
  </sounds>
  <wheels>
    <front-left position = "-0.263751 0.105867 0.425959"
                 model    = "wheel-front-left.spm"       />
    <front-right position = "0.258257 0.105061 0.433065"
                 model    = "wheel-front-right.spm"       />
    <rear-left position = "-0.294889 0.161841 -0.461785"
                 model    = "wheel-rear-left.spm"       />
    <rear-right position = "0.282068 0.167116 -0.467060"
                 model    = "wheel-rear-right.spm"       />
  </wheels>
  <exhaust file="kart_exhaust.xml"/>
</kart>
