<?xml version="1.0" encoding="utf-8"?>
<kart name              = "Jubileena Bing-Bing"
      version           = "3"
      model-file        = "jubileena bing-bing.spm"
      icon-file         = "SR_AvatarRace_Jubileena.png"
      minimap-icon-file = "SR_AvatarRace_Jubileena.png"
      shadow-file       = "genericshadow.png"
      type              = "jubileena"
      groups            = "standard"
      rgb               = "1.00 1.00 1.00" >
  <sounds engine = "large">
      <skid name="default"/>
  </sounds>
  <wheels>
    <front-left position = "-0.289264 0.121735 0.506346"
                 model    = "wheel-front-left.spm"       />
    <front-right position = "0.279953 0.121995 0.510162"
                 model    = "wheel-front-right.spm"       />
    <rear-right position = "0.471482 0.253186 -0.415510"
                 model    = "wheel-rear-right.spm"       />
    <rear-left position = "-0.474599 0.251485 -0.418746"
                 model    = "wheel-rear-left.spm"       />
  </wheels>
  <exhaust file="kart_exhaust.xml"/>
</kart>
