<?xml version="1.0" encoding="utf-8"?>
<kart name              = "Swizzle The Swizz Malarkey"
      version           = "3"
      model-file        = "swizzle the swizz malarkey.spm"
      icon-file         = "SR_AvatarRace_Swizz.png"
      minimap-icon-file = "SR_AvatarRace_Swizz.png"
      shadow-file       = "genericshadow.png"
      type              = "swizzle"
      groups            = "standard"
      rgb               = "1.00 1.00 1.00" >
  <sounds engine = "large">
      <skid name="default"/>
  </sounds>
  <wheels>
    <front-left position = "-0.211116 0.142656 0.723743"
                 model    = "wheel-front-left.spm"       />
    <front-right position = "0.204407 0.140667 0.725317"
                 model    = "wheel-front-right.spm"       />
    <rear-left position = "-0.339580 0.245539 -0.573659"
                 model    = "wheel-rear-left.spm"       />
    <rear-right position = "0.331159 0.240071 -0.574261"
                 model    = "wheel-rear-right.spm"       />
  </wheels>
  <exhaust file="kart_exhaust.xml"/>
</kart>
