<?xml version="1.0" encoding="utf-8"?>
<kart name              = "Gloyd Orangeboar"
      version           = "3"
      model-file        = "gloyd orangeboar.spm"
      icon-file         = "SR_AvatarRace_Rumple.png"
      minimap-icon-file = "SR_AvatarRace_Rumple.png"
      shadow-file       = "genericshadow.png"
      type              = "gloyd"
      groups            = "standard"
      rgb               = "1.00 1.00 1.00" >
  <sounds engine = "large">
      <skid name="default"/>
  </sounds>
  <wheels>
    <front-left position = "-0.285650 0.118188 0.403759"
                 model    = "wheel-front-left.spm"       />
    <front-right position = "0.263877 0.116288 0.406297"
                 model    = "wheel-front-right.spm"       />
    <rear-left position = "-0.424642 0.190456 -0.327811"
                 model    = "wheel-rear-left.spm"       />
    <rear-right position = "0.396695 0.194459 -0.344581"
                 model    = "wheel-rear-right.spm"       />
  </wheels>
  <exhaust file="kart_exhaust.xml"/>
</kart>
