<?xml version="1.0" encoding="utf-8"?>
<kart name              = "Rancis Fluggerbutter"
      version           = "3"
      model-file        = "rancis fluggerbutter.spm"
      icon-file         = "SR_AvatarRace_Rancis.png"
      minimap-icon-file = "SR_AvatarRace_Rancis.png"
      shadow-file       = "genericshadow.png"
      type              = "rancis"
      groups            = "standard"
      rgb               = "1.00 1.00 1.00" >
  <sounds engine = "large">
      <skid name="default"/>
  </sounds>
  <wheels>
    <front-left position = "-0.295050 0.189901 0.649462"
                 model    = "wheel-front-left.spm"       />
    <front-right position = "0.291068 0.192173 0.645600"
                 model    = "wheel-front-right.spm"       />
    <rear-left position = "-0.665709 0.243706 -0.006764"
                 model    = "wheel-rear-left.spm"       />
    <rear-right position = "0.664654 0.245289 -0.006968"
                 model    = "wheel-rear-right.spm"       />
  </wheels>
  <exhaust file="kart_exhaust.xml"/>
</kart>
