<?xml version="1.0" encoding="utf-8"?>
<kart name              = "Candlehead"
      version           = "3"
      model-file        = "candlehead.spm"
      icon-file         = "SR_AvatarRace_Candlehead.png"
      minimap-icon-file = "SR_AvatarRace_Candlehead.png"
      shadow-file       = "genericshadow.png"
      type              = "candlehead"
      groups            = "standard"
      rgb               = "1.00 1.00 1.00" >
  <sounds engine = "large">
      <skid name="default"/>
  </sounds>
  <wheels>
    <front-left position = "-0.209651 0.123056 0.419302"
                 model    = "wheel-front-left.spm"       />
    <rear-left position = "-0.451205 0.223324 -0.323591"
                 model    = "wheel-rear-left.spm"       />
    <front-right position = "0.214208 0.123056 0.414744"
                 model    = "wheel-front-right.spm"       />
    <rear-right position = "0.457961 0.220964 -0.332707"
                 model    = "wheel-rear-right.spm"       />
  </wheels>
  <exhaust file="kart_exhaust.xml"/>
</kart>
