<?xml version="1.0" encoding="utf-8"?>
<kart name              = "Nougetsia Brumblestain"
      version           = "3"
      model-file        = "adorabeezle winterpop.spm"
      icon-file         = "SR_AvatarRace_Nougetsia.png"
      minimap-icon-file = "SR_AvatarRace_Nougetsia.png"
      shadow-file       = "genericshadow.png"
      type              = "adorabeezle"
      groups            = "standard"
      rgb               = "1.00 1.00 1.00" >
  <sounds engine = "large">
      <skid name="default"/>
  </sounds>
  <wheels>
    <front-left position = "-0.345620 0.117739 0.592491"
                 model    = "wheel-front-left.spm"       />
    <front-right position = "0.343310 0.119049 0.591761"
                 model    = "wheel-front-right.spm"       />
    <rear-left position = "-0.390845 0.203345 -0.406690"
                 model    = "wheel-rear-left.spm"       />
    <rear-right position = "0.404049 0.205986 -0.409331"
                 model    = "wheel-rear-right.spm"       />
  </wheels>
  <exhaust file="kart_exhaust.xml"/>
</kart>
