<?xml version="1.0" encoding="utf-8"?>
<kart name              = "Vanellope von Schweetz"
      version           = "3"
      model-file        = "vanellope von schweetz.spm"
      icon-file         = "SR_AvatarRace_Vanellope.png"
      minimap-icon-file = "SR_AvatarRace_Vanellope.png"
      shadow-file       = "genericshadow.png"
      type              = "vanellope"
      groups            = "standard"
      rgb               = "1.00 1.00 1.00" >
  <sounds engine = "large">
      <skid name="default"/>
  </sounds>
  <wheels>
    <front-left position = "-0.333569 0.148160 0.459429"
                 model    = "wheel-front-left.spm"       />
    <front-right position = "0.343080 0.149184 0.454909"
                 model    = "wheel-front-right.spm"       />
    <rear-left position = "-0.371130 0.193761 -0.462196"
                 model    = "wheel-rear-left.spm"       />
    <rear-right position = "0.375967 0.196001 -0.470442"
                 model    = "wheel-rear-right.spm"       />
  </wheels>
  <exhaust file="kart_exhaust.xml"/>
</kart>
