<?xml version="1.0" encoding="utf-8"?>
<kart name              = "King Candy"
      version           = "3"
      model-file        = "king candy.spm"
      icon-file         = "SR_AvatarRace_KingCandy.png"
      minimap-icon-file = "SR_AvatarRace_KingCandy.png"
      shadow-file       = "genericshadow.png"
      type              = "king candy"
      groups            = "standard"
      rgb               = "1.00 1.00 1.00" >
  <sounds engine = "large">
      <skid name="default"/>
  </sounds>
  <wheels>
    <front-left position = "-0.347790 0.199396 0.614147"
                 model    = "wheel-front-left.spm"       />
    <front-right position = "0.342631 0.198341 0.615596"
                 model    = "wheel-front-right.spm"       />
    <rear-left position = "-0.329676 0.158339 -0.515926"
                 model    = "wheel-rear-left.spm"       />
    <rear-right position = "0.307744 0.161416 -0.514778"
                 model    = "wheel-rear-right.spm"       />
  </wheels>
  <exhaust file="kart_exhaust.xml"/>
</kart>
