<?xml version="1.0" encoding="utf-8"?>
<kart name              = "Snowanna Rainbeau"
      version           = "3"
      model-file        = "snowanna rainbeau.spm"
      icon-file         = "SR_AvatarRace_Snowanna.png"
      minimap-icon-file = "SR_AvatarRace_Snowanna.png"
      shadow-file       = "genericshadow.png"
      type              = "snowanna"
      groups            = "standard"
      rgb               = "1.00 1.00 1.00" >
  <sounds engine = "large">
      <skid name="default"/>
  </sounds>
  <wheels>
    <rear-left position = "-0.386492 0.170114 -0.009835"
                 model    = "wheel-rear-left.spm"       />
    <rear-right position = "0.408093 0.175427 -0.000000"
                 model    = "wheel-rear-right.spm"       />
    <front-left position = "-0.174195 0.092003 0.586050"
                 model    = "wheel-front-left.spm"       />
    <front-right position = "0.192790 0.091229 0.599205"
                 model    = "wheel-front-right.spm"       />
  </wheels>
  <exhaust file="kart_exhaust.xml"/>
</kart>
