<?xml version="1.0" encoding="utf-8"?>
<kart name              = "Minty Sakura"
      version           = "3"
      model-file        = "minty sakura.spm"
      icon-file         = "icon.png"
      minimap-icon-file = "icon.png"
      shadow-file       = "genericshadow.png"
      type              = "minty"
      groups            = "standard"
      rgb               = "1.00 1.00 1.00" >
  <sounds engine = "large">
      <skid name="default"/>
  </sounds>
  <wheels>
    <rear-left position = "-0.377271 0.195860 -0.280895"
                 model    = "wheel-rear-left.spm"       />
    <front-left position = "-0.297601 0.124566 0.395066"
                 model    = "wheel-front-left.spm"       />
    <front-right position = "0.289944 0.124581 0.395627"
                 model    = "wheel-front-right.spm"       />
    <rear-right position = "0.375593 0.193466 -0.279137"
                 model    = "wheel-rear-right.spm"       />
  </wheels>
  <exhaust file="kart_exhaust.xml"/>
</kart>
