<?xml version="1.0" encoding="utf-8"?>
<kart name              = "Taffyta Muttonfudge"
      version           = "3"
      model-file        = "taffyta muttonfudge.spm"
      icon-file         = "SR_AvatarRace_Taffyta.png"
      minimap-icon-file = "SR_AvatarRace_Taffyta.png"
      shadow-file       = "genericshadow.png"
      type              = "taffyta"
      groups            = "standard"
      rgb               = "1.00 1.00 1.00" >
  <sounds engine = "large">
      <skid name="default"/>
  </sounds>
  <wheels>
    <front-left position = "-0.319667 0.151921 0.610848"
                 model    = "wheel-front-left.spm"       />
    <front-right position = "0.316502 0.147701 0.617179"
                 model    = "wheel-front-right.spm"       />
    <rear-left position = "-0.451257 0.261114 -0.611903"
                 model    = "wheel-rear-left.spm"       />
    <rear-right position = "0.458928 0.263752 -0.611903"
                 model    = "wheel-rear-right.spm"       />
  </wheels>
  <exhaust file="kart_exhaust.xml"/>
</kart>
